{
  "obstacles": [
    {
      "x_min": 41.72661590576172,
      "x_max": 45.252830505371094,
      "z_min": 51.57309341430664,
      "z_max": 58.6850700378418,
      "source": "json"
    },
    {
      "x_min": 94.15379333496094,
      "x_max": 97.27996826171875,
      "z_min": 50.909889221191406,
      "z_max": 58.01801300048828,
      "source": "json"
    },
    {
      "x_min": 65.0014877319336,
      "x_max": 68.0757827758789,
      "z_min": 63.81401062011719,
      "z_max": 68.84626770019531,
      "source": "json"
    }
  ]
}